"Веса (events, search, view, click, cart)",STD (Меньше = Лучше),n_cart Change %,reached_cart Change %
"1, 3, 1, 1, 2",0.008176561869154273,-22.591386766884764,-1.3648283955498304
"1, 2, 1, 1, 3",0.008230074867575866,-22.649491422892474,-1.3652874025641208
"2, 2, 2, 3, 3",0.008300225475422928,-22.355101934245454,-1.364986279305692
"3, 1, 3, 2, 2",0.008402452736021755,-22.154454214536827,-1.365106180531177
"2, 1, 1, 2, 2",0.008430685339769713,-22.38053588036143,-1.3651967915476488
"1, 2, 1, 2, 2",0.008451084799016673,-22.50480345325139,-1.3650915353456088
"3, 2, 3, 1, 3",0.008464299674254678,-22.252521149421085,-1.3651441634263568
"3, 2, 1, 2, 3",0.00852757760677996,-22.46845978023366,-1.3652347744079407
"2, 1, 2, 3, 2",0.008536343507490742,-22.231719560598254,-1.3652494197094718
"1, 3, 3, 2, 1",0.008567731419851642,-22.122968381316934,-1.3650681976067254
"3, 2, 1, 1, 1",0.00857210377813287,-22.32926936358515,-1.365000924398913
"2, 3, 1, 1, 2",0.008613977142173221,-22.493330729505406,-1.3649336513465362
"2, 3, 3, 3, 3",0.008617038611401956,-22.28296585146459,-1.3649336513465362
"2, 2, 3, 3, 1",0.008620576149842725,-22.100876564930658,-1.3648956684287854
"3, 3, 1, 3, 3",0.008630862645225456,-22.50177541254958,-1.3650389073053915
"3, 1, 2, 3, 3",0.008631308784284999,-22.302992494150313,-1.3651967915476488
"2, 2, 1, 2, 1",0.008641602194033909,-22.34714145183538,-1.365106180531177
"2, 2, 2, 1, 2",0.008658021008528147,-22.288870675186416,-1.3650915353456088
"2, 3, 3, 1, 1",0.008658707058932439,-22.15114121821052,-1.3648050575518922
"1, 2, 3, 1, 3",0.008685347052038791,-22.23067829259407,-1.3648283955498304
"3, 3, 1, 1, 1",0.00869000550748756,-22.37938036181681,-1.364986279305692
"2, 3, 3, 1, 2",0.008692432487438298,-22.224675981915958,-1.3651967915476488
"2, 3, 3, 2, 1",0.008696531518830522,-22.14894300506776,-1.3648956684287854
"1, 2, 3, 2, 3",0.008700126694045749,-22.23421642163772,-1.3650389073053915
"1, 2, 1, 3, 2",0.008714022601258087,-22.493867301010784,-1.3649336513465362
"2, 1, 1, 3, 3",0.008727419318574544,-22.465510507751098,-1.3652874025641208
"1, 2, 1, 1, 2",0.0087307041175181,-22.513692413870814,-1.3651967915476488
"1, 2, 1, 2, 1",0.008732694964657103,-22.37823958068047,-1.365106180531177
"2, 1, 3, 1, 2",0.008733151095664264,-22.13126043383976,-1.365015569514692
"2, 2, 3, 3, 3",0.00873429499914286,-22.24633395590408,-1.3652494197094718
"2, 2, 1, 3, 1",0.008749300073075702,-22.341330984243744,-1.3648430405045309
"3, 3, 3, 2, 1",0.00875252700442315,-22.171166336402777,-1.3650389073053915
"3, 2, 1, 1, 3",0.008756014678270195,-22.47157059904163,-1.3651821462923046
"3, 3, 1, 2, 1",0.00876067323770111,-22.374705950871853,-1.364948296393584
"2, 1, 1, 1, 3",0.008763248887509836,-22.47280327859715,-1.3652874025641208
"2, 1, 1, 1, 1",0.008767847664078642,-22.284806723812707,-1.3651967915476488
"1, 2, 2, 3, 2",0.008776403929041858,-22.280552003127628,-1.3650389073053915
"2, 2, 3, 2, 1",0.008776581262383653,-22.105411461335382,-1.3648050575518922
"3, 2, 1, 2, 1",0.0087845668697244,-22.332979211720026,-1.3650915353456088
"3, 2, 1, 1, 2",0.008785159135297552,-22.40121988628158,-1.3652874025641208
"3, 3, 3, 1, 2",0.008786290009537734,-22.23399717719784,-1.3650389073053915
"1, 3, 1, 3, 3",0.008799606213327557,-22.703789102031813,-1.3651967915476488
"3, 1, 3, 2, 3",0.008808714702468981,-22.216083946196825,-1.3651588086580986
"2, 3, 2, 3, 1",0.008811037399516063,-22.249446741655436,-1.3647377847776012
"2, 1, 2, 1, 2",0.008814222919968445,-22.234411489268727,-1.3650915353456088
"1, 1, 1, 3, 3",0.008825420456003383,-22.540665394212834,-1.3649716342350415
"1, 3, 1, 2, 1",0.008827253948270965,-22.45480416252539,-1.365000924398913
"3, 1, 1, 1, 2",0.008832690661228498,-22.355270814273737,-1.3652874025641208
"3, 1, 2, 2, 3",0.008833381203803897,-22.30316451009375,-1.3652494197094718
"1, 2, 2, 1, 1",0.008834033758789103,-22.17770793177334,-1.365000924398913
"1, 2, 2, 3, 3",0.00883465199544693,-22.37828414003958,-1.364986279305692
"2, 2, 1, 3, 2",0.008840446291949116,-22.432667257265535,-1.364948296393584
"2, 2, 2, 3, 2",0.00884146235445005,-22.282635905182655,-1.364986279305692
"2, 2, 1, 1, 1",0.00885100555185857,-22.344850431752175,-1.3648430405045309
"2, 2, 2, 2, 1",0.00885103210317493,-22.19697260194806,-1.3650915353456088
"3, 2, 1, 3, 1",0.008860589010674854,-22.332294751690892,-1.364986279305692
"3, 2, 1, 3, 3",0.008864117440736048,-22.466035541095238,-1.3652874025641208
"3, 1, 1, 3, 2",0.00887242298466754,-22.355318022939873,-1.3651441634263568
"2, 2, 2, 2, 3",0.008874274036755605,-22.355881339904,-1.3653400307608448
"2, 1, 1, 2, 3",0.008883259313611499,-22.47140804326157,-1.3652347744079407
"1, 1, 1, 3, 1",0.00888619667050953,-22.26672446665109,-1.3649336513465362
"3, 3, 3, 2, 3",0.00888674203830116,-22.28964164625652,-1.3651967915476488
"1, 3, 1, 2, 3",0.008890346326487756,-22.709886095909464,-1.3646178844427754
"1, 1, 2, 1, 3",0.0088926395744311,-22.321541749110786,-1.3652874025641208
"1, 3, 3, 2, 2",0.008899144036611252,-22.201949538591144,-1.3651967915476488
"3, 1, 1, 3, 1",0.00889925258535626,-22.27345505425212,-1.3647757677122672
"3, 3, 3, 1, 3",0.008900640763147338,-22.289653185450902,-1.3651967915476488
"1, 2, 1, 3, 3",0.00890252752076646,-22.622938787800148,-1.3652494197094718
"3, 2, 3, 3, 1",0.008907643087423233,-22.138622439852064,-1.365106180531177
"1, 3, 2, 3, 2",0.008913724550843768,-22.348184694290907,-1.3651588086580986
"3, 2, 3, 2, 3",0.008915420617616505,-22.25573263334316,-1.3652494197094718
"1, 3, 2, 1, 3",0.008915902791723157,-22.439992944760483,-1.3648283955498304
"2, 3, 1, 2, 1",0.008922195922888926,-22.405334641704787,-1.365053552444773
"2, 2, 2, 1, 3",0.008932590617152932,-22.358572074500994,-1.3652347744079407
"2, 1, 1, 3, 2",0.008936557128717834,-22.37130921256936,-1.3646705121587464
"3, 3, 2, 2, 3",0.008942037671449287,-22.376592606972867,-1.365129518217186
"3, 3, 2, 1, 3",0.008943448342252735,-22.377125004932054,-1.3653400307608448
"3, 1, 2, 1, 3",0.008945700751985615,-22.30216167215519,-1.3651967915476488
"1, 1, 3, 1, 1",0.00894725023558285,-22.0141676421635,-1.3647817195000216
"2, 1, 1, 1, 2",0.008947311919816386,-22.377682016306338,-1.3651821462923046
"3, 2, 1, 3, 2",0.00894768595160273,-22.396345612746924,-1.3651441634263568
"2, 2, 3, 2, 2",0.008948360703781622,-22.170482001260712,-1.3648430405045309
"1, 2, 1, 3, 1",0.008955767864450207,-22.36432331226222,-1.365106180531177
"2, 3, 3, 2, 3",0.008961489716991537,-22.28976750026345,-1.3652494197094718
"2, 1, 1, 3, 1",0.008964844379447641,-22.272919566982388,-1.3647231399152349
"3, 2, 3, 2, 2",0.00896521829657093,-22.190012242008493,-1.3651967915476488
"1, 3, 3, 3, 1",0.008966403514900984,-22.119481201793338,-1.365000924398913
"1, 2, 3, 3, 1",0.008966705386885427,-22.05700228196045,-1.3648197025055346
"1, 2, 2, 1, 2",0.008967024335889983,-22.286785317449155,-1.3649336513465362
"1, 2, 2, 3, 1",0.008972444383603638,-22.168695827906046,-1.3650915353456088
"1, 3, 3, 2, 3",0.008972896169833568,-22.2886539675773,-1.3652494197094718
"2, 2, 1, 1, 3",0.008978397062647784,-22.527438551195715,-1.3650389073053915
"1, 3, 2, 2, 2",0.008992277881707537,-22.34843278706554,-1.3651588086580986
"3, 3, 2, 1, 1",0.008996435513495295,-22.267845193652207,-1.3651441634263568
"2, 2, 1, 3, 3",0.009007666284595064,-22.508897072747608,-1.3649336513465362
"1, 1, 3, 2, 1",0.009023447547530815,-22.00905815147911,-1.3647670745699947
"1, 3, 1, 3, 2",0.009024884193132243,-22.567239127182457,-1.3649336513465362
"3, 1, 2, 2, 1",0.009025080055858954,-22.168248197487543,-1.3651588086580986
"3, 1, 1, 1, 3",0.009028577275937836,-22.42287151843108,-1.3650768901825985
"1, 3, 2, 2, 1",0.009029475344661163,-22.246959259873336,-1.3649629414631892
"1, 1, 1, 1, 3",0.009030213097304514,-22.55880496586117,-1.3649716342350415
"2, 3, 3, 3, 1",0.009031596195571959,-22.150852855266038,-1.3652494197094718
"3, 1, 3, 2, 1",0.009032113932279661,-22.093749964242523,-1.3645945462375983
"3, 3, 1, 1, 2",0.009033973324692558,-22.43920895333634,-1.3650915353456088
"1, 3, 3, 1, 3",0.009036585483893866,-22.289715190028204,-1.3650768901825985
"2, 2, 3, 1, 3",0.009037523646844065,-22.24595535034917,-1.3651441634263568
"2, 3, 2, 3, 2",0.00904221158301825,-22.334380162806312,-1.3651441634263568
"2, 3, 1, 3, 1",0.009044538085593365,-22.39839174835776,-1.3651588086580986
"1, 1, 1, 1, 1",0.00904896826359175,-22.28446955509272,-1.3650389073053915
"2, 3, 1, 3, 3",0.009058416833631977,-22.56451685388021,-1.3648810234279114
"3, 2, 3, 3, 3",0.009059219230927628,-22.254244076695347,-1.3652494197094718
"2, 2, 3, 1, 2",0.00906179149456527,-22.175971284357175,-1.365000924398913
"1, 1, 2, 3, 1",0.009063356224873715,-22.095141603361924,-1.3651588086580986
"3, 1, 1, 2, 3",0.009064919316159338,-22.41989338384769,-1.365129518217186
"1, 1, 1, 2, 2",0.009068112811410315,-22.423994537268438,-1.3651821462923046
"1, 2, 3, 2, 2",0.009072844865581365,-22.150661211684174,-1.364948296393584
"2, 3, 1, 3, 2",0.00907550999525409,-22.488974459096607,-1.3652494197094718
"3, 2, 1, 2, 2",0.009080383773363308,-22.40000190508512,-1.3650242621885547
"1, 3, 1, 3, 1",0.009082259471197203,-22.444110390662093,-1.3647524296625126
"1, 2, 3, 3, 2",0.00908557977386498,-22.14718328063591,-1.364986279305692
"3, 1, 2, 3, 2",0.009087810992946501,-22.238318600499547,-1.3650389073053915
"1, 1, 3, 3, 1",0.009089536048393477,-22.006960232014443,-1.36492495849822
"1, 2, 2, 1, 3",0.009089805231858766,-22.379530927886073,-1.3653400307608448
"1, 3, 2, 3, 3",0.009092507870299863,-22.43973296689528,-1.3651441634263568
"3, 3, 2, 3, 2",0.009094242367179907,-22.329175988146503,-1.3651441634263568
"3, 3, 3, 1, 1",0.009094578412093997,-22.177607608053595,-1.365015569514692
"1, 1, 2, 3, 2",0.009099094023550964,-22.21125345135632,-1.3650389073053915
"3, 3, 2, 3, 3",0.009099238794673023,-22.37904836703724,-1.3652347744079407
"3, 1, 2, 1, 1",0.009099712498457245,-22.169527772694252,-1.364948296393584
"3, 1, 2, 2, 2",0.009099963224181613,-22.24371068264532,-1.3648810234279114
"2, 2, 2, 1, 1",0.009102854285898469,-22.199576911998903,-1.364986279305692
"3, 1, 3, 1, 1",0.00910454704000965,-22.10403947430523,-1.36492495849822
"1, 3, 1, 1, 1",0.009107853333451247,-22.460835409452834,-1.364986279305692
"3, 3, 2, 2, 2",0.009108703283970575,-22.325942888564896,-1.3652494197094718
"1, 3, 3, 3, 3",0.009108908193854444,-22.27969413161271,-1.3646705121587464
"3, 1, 2, 3, 1",0.00910974258176731,-22.166299197564474,-1.3651967915476488
"1, 1, 3, 2, 2",0.009110873010924746,-22.09099326138606,-1.3649775865553524
"3, 2, 3, 3, 2",0.009114193465271085,-22.18848553102054,-1.3650915353456088
"3, 3, 2, 1, 2",0.009119290315515971,-22.320739331526383,-1.3649336513465362
"3, 2, 2, 2, 3",0.009123370236522195,-22.33957856787116,-1.3651441634263568
"2, 1, 3, 1, 3",0.009123494381975666,-22.198233710302603,-1.3648430405045309
"2, 2, 1, 2, 3",0.009125877726312228,-22.52092650062985,-1.3652494197094718
"1, 1, 2, 1, 2",0.009132379676384922,-22.209664368301553,-1.3647904126207941
"2, 1, 2, 3, 3",0.009132905714424796,-22.308691786328644,-1.3652494197094718
"2, 3, 3, 2, 2",0.009145724971900165,-22.222649750325548,-1.3652494197094718
"2, 1, 1, 2, 1",0.009146106847602779,-22.27889252369254,-1.3649336513465362
"3, 2, 3, 1, 2",0.009150011891290779,-22.190016896061916,-1.3651588086580986
"1, 3, 2, 1, 2",0.00915135431119306,-22.346973078414777,-1.3652494197094718
"2, 1, 2, 3, 1",0.009158289382091492,-22.14250187684489,-1.3650915353456088
"2, 3, 2, 1, 2",0.009158381932354916,-22.331899236970706,-1.3651441634263568
"1, 1, 3, 3, 2",0.009162703594972905,-22.07804975629329,-1.3649103134522305
"3, 2, 3, 1, 1",0.009166786879326224,-22.137565467824537,-1.3651588086580986
"2, 3, 3, 3, 2",0.009167813148151587,-22.218427261580484,-1.3649336513465362
"1, 3, 2, 2, 3",0.009168976140841946,-22.43668560019822,-1.3651967915476488
"1, 1, 3, 3, 3",0.009169525263579979,-22.172588058499745,-1.365106180531177
"3, 2, 2, 1, 1",0.009169714164062454,-22.223359411052993,-1.3652494197094718
"3, 1, 3, 1, 2",0.009174010876663197,-22.153881772653573,-1.3648956684287854
"1, 1, 3, 1, 2",0.009175962000472557,-22.091292125202884,-1.3647670745699947
"2, 1, 3, 1, 1",0.00918420096033547,-22.062291833779387,-1.3648723304816055
"1, 1, 2, 2, 1",0.009187829443334307,-22.091173271013346,-1.3647524296625126
"1, 2, 1, 1, 1",0.009189188645743404,-22.380641817384394,-1.3650915353456088
"3, 3, 2, 3, 1",0.009197989959603414,-22.258266576746404,-1.3651967915476488
"3, 3, 1, 2, 2",0.009201823525645369,-22.441775403513432,-1.3651441634263568
"3, 2, 2, 1, 2",0.009204115987141255,-22.288480879595,-1.3652494197094718
"1, 1, 2, 2, 2",0.009213603635294939,-22.211210616775386,-1.3648810234279114
"1, 3, 3, 1, 2",0.009214612042136196,-22.205456122477806,-1.3648956684287854
"2, 2, 1, 2, 2",0.009217907889383892,-22.439258840544216,-1.3651967915476488
"2, 1, 2, 1, 1",0.00922194100888161,-22.149217682799772,-1.365000924398913
"1, 1, 3, 1, 3",0.009222619867338975,-22.175432469913595,-1.365106180531177
"3, 2, 2, 3, 2",0.009226061494721978,-22.284570170327978,-1.3651967915476488
"2, 2, 1, 1, 2",0.009237106051734403,-22.43555475914931,-1.3651967915476488
"1, 1, 2, 2, 3",0.009240750993242276,-22.316642294315784,-1.3652494197094718
"3, 3, 3, 3, 3",0.009245243082914143,-22.28446955509272,-1.3650389073053915
"2, 1, 3, 3, 3",0.00925214039308119,-22.194302394399866,-1.364948296393584
"3, 3, 3, 2, 2",0.009252454387935283,-22.23279380515994,-1.3651967915476488
"3, 1, 3, 3, 1",0.009254648723945786,-22.092346807114772,-1.3649103134522305
"3, 1, 1, 1, 1",0.009258192535932493,-22.284852880590204,-1.3651967915476488
"1, 3, 2, 3, 1",0.00926109005325639,-22.2451176647542,-1.365106180531177
"2, 1, 2, 2, 2",0.009261422113940519,-22.230261782673228,-1.3648810234279114
"1, 1, 3, 2, 3",0.009269437990813896,-22.173620816396458,-1.365106180531177
"1, 1, 1, 2, 3",0.009269817297159182,-22.549883235293215,-1.3650768901825985
"1, 2, 3, 1, 2",0.00927380146018542,-22.146655875231414,-1.3647377847776012
"1, 2, 2, 2, 2",0.009274252297814102,-22.280955507490393,-1.3647757677122672
"3, 2, 2, 2, 2",0.009278662374643818,-22.28617411834634,-1.3651967915476488
"2, 3, 2, 3, 3",0.009282344006471432,-22.404299818153714,-1.3653400307608448
"1, 1, 1, 1, 2",0.00928449094281946,-22.420671642581187,-1.3648663784495951
"1, 3, 1, 2, 2",0.00928583839933996,-22.584169020258344,-1.3648283955498304
"2, 1, 3, 3, 2",0.009289886360533935,-22.12866411510501,-1.365106180531177
"1, 1, 1, 3, 2",0.009291572105679158,-22.411011923151857,-1.3651441634263568
"1, 1, 2, 1, 1",0.009292379725218469,-22.103124406361975,-1.3648197025055346
"1, 3, 3, 1, 1",0.009293186227866092,-22.12180171988831,-1.3647670745699947
"2, 1, 3, 2, 1",0.009300380639233115,-22.05492412924036,-1.3646091910065599
"3, 1, 1, 2, 1",0.009300473000581743,-22.28164353599486,-1.364986279305692
"3, 3, 1, 2, 3",0.009302269651119873,-22.507579620615676,-1.3650389073053915
"3, 3, 1, 1, 3",0.009305453416677715,-22.510116439962417,-1.3648283955498304
"3, 3, 2, 2, 1",0.00930690724767585,-22.263755637968526,-1.3650915353456088
"2, 3, 3, 1, 3",0.009319568590402507,-22.28933801219874,-1.3650915353456088
"1, 2, 1, 2, 3",0.009325489377961665,-22.63158448422451,-1.3650915353456088
"2, 3, 1, 1, 1",0.009326495362180423,-22.407290534398445,-1.3651441634263568
"2, 1, 3, 2, 3",0.009328369679274268,-22.198100104835497,-1.3651588086580986
"3, 1, 3, 3, 3",0.009330058148191428,-22.212857397521702,-1.3650389073053915
"1, 2, 2, 2, 1",0.009330614519186185,-22.168770832611724,-1.3650915353456088
"2, 1, 2, 2, 1",0.009343748538201607,-22.146286729685443,-1.365000924398913
"2, 3, 2, 2, 3",0.009345490248462538,-22.399682508245753,-1.365129518217186
"2, 3, 2, 1, 3",0.009348547396483138,-22.396945060319677,-1.3649716342350415
"3, 1, 3, 1, 3",0.009356910941111957,-22.21357417045343,-1.3651588086580986
"1, 1, 2, 3, 3",0.009359513714867155,-22.3069139157993,-1.3647231399152349
"1, 2, 2, 2, 3",0.00937843831993693,-22.375325385423547,-1.3650242621885547
"2, 2, 3, 2, 3",0.009380238602983529,-22.244312110418726,-1.3650915353456088
"2, 1, 2, 2, 3",0.0093913898325239,-22.307033353146892,-1.3650915353456088
"2, 3, 1, 2, 2",0.00939753901054833,-22.49310748993071,-1.3651441634263568
"1, 2, 3, 2, 1",0.009403603519200063,-22.057353060488033,-1.3647817195000216
"2, 3, 1, 2, 3",0.009406798496488834,-22.572170186520246,-1.3650389073053915
"3, 1, 3, 3, 2",0.009413751139117632,-22.153137616632442,-1.3651588086580986
"1, 2, 3, 3, 3",0.009425799334463057,-22.23033568724836,-1.3649336513465362
"3, 3, 3, 3, 2",0.009430272508179259,-22.23077444614402,-1.3651967915476488
"2, 3, 1, 1, 3",0.009435137138609037,-22.577686881316588,-1.364986279305692
"3, 3, 1, 3, 2",0.009435849594386153,-22.438136829081298,-1.3650389073053915
"2, 1, 3, 2, 2",0.009459745488331695,-22.127359046468033,-1.3651588086580986
"2, 2, 2, 2, 2",0.009461648701430223,-22.28446955509272,-1.3650389073053915
"3, 2, 3, 2, 1",0.00946426173499556,-22.139459031444378,-1.365106180531177
"1, 1, 1, 2, 1",0.00947667439585938,-22.278693113584684,-1.3650915353456088
"2, 3, 2, 1, 1",0.009481299477895885,-22.25959685034822,-1.364948296393584
"3, 2, 2, 3, 3",0.009483088679791146,-22.342510578934345,-1.3650915353456088
"1, 3, 2, 1, 1",0.009496453061674964,-22.248756882678148,-1.3648050575518922
"1, 3, 3, 3, 2",0.00949725935821114,-22.19678554419667,-1.3649336513465362
"3, 2, 2, 1, 3",0.009517652484718813,-22.33995359154399,-1.3652347744079407
"3, 2, 2, 2, 1",0.009538399002738916,-22.221462316282064,-1.3651967915476488
"1, 3, 1, 1, 3",0.009546588368477821,-22.727347866755913,-1.3648663784495951
"2, 3, 2, 2, 2",0.00956102935945654,-22.330432698377994,-1.365106180531177
"3, 3, 1, 3, 1",0.009564509064769043,-22.37569623236168,-1.365053552444773
"3, 1, 2, 1, 2",0.009575494972016525,-22.240837429884227,-1.3648810234279114
"2, 2, 2, 3, 1",0.009580059007792626,-22.195713717380563,-1.3651441634263568
"2, 2, 3, 3, 2",0.009588836443410725,-22.168748877973655,-1.3650389073053915
"3, 1, 1, 3, 3",0.00960598698155877,-22.42588388954697,-1.3653400307608448
"3, 1, 1, 2, 2",0.009639876707781544,-22.354379683459452,-1.3650389073053915
"2, 3, 2, 2, 1",0.009650037355550537,-22.256345300882685,-1.365106180531177
"2, 1, 3, 3, 1",0.009657558872032965,-22.05433673011237,-1.3648197025055346
"3, 3, 3, 3, 1",0.009680192417458789,-22.167122977804773,-1.364986279305692
"2, 2, 3, 1, 1",0.009708597244706742,-22.106170751331202,-1.3647290915588388
"3, 2, 2, 3, 1",0.00970921148416924,-22.218859123513102,-1.3652494197094718
"2, 1, 2, 1, 3",0.009760816707191406,-22.30928712468278,-1.3652874025641208
"1, 2, 3, 1, 1",0.00988142508129874,-22.06999079699211,-1.3646764636581872
